Date,num_transactions,total_value,currency,total_value_usd
1,1,5000000000,BTC,4950000
2,14,70000000000,BTC,69300000
3,61,305000000000,BTC,301950000
4,93,465000000000,BTC,460350000
5,106,487900000000,BTC,483021000
6,123,615000000000,BTC,608850000
7,130,651100000000,BTC,644589000
8,140,680000000000,BTC,673200000
9,110,560000000000,BTC,554400000
10,109,545000000000,BTC,539550000
11,108,550000000000,BTC,544500000
12,117,652500000000,BTC,645975000
13,115,610000000000,BTC,603900000
14,103,520000000000,BTC,514800000
15,92,505000000000,BTC,499950000
16,86,465000000000,BTC,460350000
17,202,1055000000000,BTC,1044450000
18,192,960000000000,BTC,950400000
19,97,580000000000,BTC,574200000
20,98,500000000000,BTC,495000000
21,112,560000000000,BTC,554400000
22,122,665000000000,BTC,658350000
23,117,585000000000,BTC,579150000
24,139,790000000000,BTC,782100000
25,114,575000000000,BTC,569250000
26,129,645000000000,BTC,638550000
27,169,768652000000,BTC,760965480
28,119,595000000000,BTC,589050000
29,126,630000000000,BTC,623700000
30,122,610000000000,BTC,603900000
31,134,764800000000,BTC,757152000
32,133,760000000000,BTC,752400000
33,135,890000000000,BTC,881100000
34,120,600000000000,BTC,594000000
35,135,720004000000,BTC,712803960
36,119,595000000000,BTC,589050000
37,124,620000000000,BTC,613800000
38,136,680000000000,BTC,673200000
39,131,730000000000,BTC,722700000
40,123,760000000000,BTC,752400000
41,117,585000000000,BTC,579150000
42,118,590000000000,BTC,584100000
43,125,700000000000,BTC,693000000
44,122,610000000000,BTC,603900000
45,114,570000000000,BTC,564300000
46,125,710000000000,BTC,702900000
47,108,540000000000,BTC,534600000
48,106,530000000000,BTC,524700000
49,105,525000000000,BTC,519750000
50,107,535000000000,BTC,529650000
51,116,755000000000,BTC,747450000
52,100,530000000000,BTC,524700000
53,105,525000000000,BTC,519750000
54,108,540000000000,BTC,534600000
55,107,565000000000,BTC,559350000
56,107,645000000000,BTC,638550000
57,113,600000000000,BTC,594000000
58,117,585000000000,BTC,579150000
59,109,545000000000,BTC,539550000
60,118,730000000000,BTC,722700000
61,108,540000000000,BTC,534600000
62,107,535000000000,BTC,529650000
63,114,570000000000,BTC,564300000
64,119,605000000000,BTC,598950000
65,114,640000000000,BTC,633600000
66,110,550000000000,BTC,544500000
67,123,615000000000,BTC,608850000
68,122,845000000000,BTC,836550000
69,114,570000000000,BTC,564300000
70,116,640000000000,BTC,633600000
71,122,610000000000,BTC,603900000
72,119,650000000000,BTC,643500000
73,50,250000000000,BTC,247500000
74,121,650000000000,BTC,643500000
75,130,650000000000,BTC,643500000
76,105,525000000000,BTC,519750000
77,117,585000000000,BTC,579150000
78,118,725000000000,BTC,717750000
79,106,530000000000,BTC,524700000
80,122,695000000000,BTC,688050000
81,116,580000000000,BTC,574200000
82,120,600000000000,BTC,594000000
83,111,710000000000,BTC,702900000
84,114,570000000000,BTC,564300000
85,115,575000000000,BTC,569250000
86,116,580000000000,BTC,574200000
87,113,565000000000,BTC,559350000
88,132,735000000000,BTC,727650000
89,109,545000000000,BTC,539550000
90,100,500000000000,BTC,495000000
91,105,525000000000,BTC,519750000
92,99,495000000000,BTC,490050000
93,108,540000000000,BTC,534600000
94,121,635000000000,BTC,628650000
95,120,685000000000,BTC,678150000
96,117,580000000000,BTC,574200000
97,124,620000000000,BTC,613800000
98,113,565000000000,BTC,559350000
99,123,615000000000,BTC,608850000
100,112,560000000000,BTC,554400000
101,131,648251000000,BTC,641768490
102,120,635000000000,BTC,628650000
103,121,1170000000000,BTC,1158300000
104,125,620000000000,BTC,613800000
105,121,605000000000,BTC,598950000
106,75,375000000000,BTC,371250000
107,115,575000000000,BTC,569250000
108,118,590000000000,BTC,584100000
109,114,635000000000,BTC,628650000
110,104,520000000000,BTC,514800000
111,117,585000000000,BTC,579150000
112,129,740000000000,BTC,732600000
113,131,655000000000,BTC,648450000
114,121,605000000000,BTC,598950000
115,130,704994000000,BTC,697944060
116,111,541000000000,BTC,535590000
117,129,790000000000,BTC,782100000
118,136,725000000000,BTC,717750000
119,135,675000000000,BTC,668250000
120,122,610000000000,BTC,603900000
121,107,535000000000,BTC,529650000
122,78,390000000000,BTC,386100000
123,85,425000000000,BTC,420750000
124,122,610000000000,BTC,603900000
125,130,650000000000,BTC,643500000
126,118,570001000000,BTC,564300990
127,143,714999000000,BTC,707849010
128,137,730000000000,BTC,722700000
129,119,595000000000,BTC,589050000
130,127,635000000000,BTC,628650000
131,118,590000000000,BTC,584100000
132,86,430000000000,BTC,425700000
133,120,600000000000,BTC,594000000
134,82,410000000000,BTC,405900000
135,61,305000000000,BTC,301950000
136,32,160000000000,BTC,158400000
137,100,500000000000,BTC,495000000
138,109,545000000000,BTC,539550000
139,125,625000000000,BTC,618750000
140,119,595000000000,BTC,589050000
141,95,475000000000,BTC,470250000
142,107,830000000000,BTC,821700000
143,109,545000000000,BTC,539550000
144,96,480000000000,BTC,475200000
145,73,360000000000,BTC,356400000
146,111,555000000000,BTC,549450000
147,71,355000000000,BTC,351450000
148,66,330000000000,BTC,326700000
149,30,150000000000,BTC,148500000
150,28,140000000000,BTC,138600000
151,16,80000000000,BTC,79200000
152,82,410000000000,BTC,405900000
153,91,455000000000,BTC,450450000
154,82,410000000000,BTC,405900000
155,89,445000000000,BTC,440550000
156,86,430000000000,BTC,425700000
157,78,390000000000,BTC,386100000
158,72,360000000000,BTC,356400000
159,84,420000000000,BTC,415800000
160,71,355000000000,BTC,351450000
161,79,395000000000,BTC,391050000
162,80,400000000000,BTC,396000000
163,87,435000000000,BTC,430650000
164,78,390000000000,BTC,386100000
165,81,405000000000,BTC,400950000
166,77,680000000000,BTC,673200000
167,76,380000000000,BTC,376200000
168,98,489898000000,BTC,484999020
169,69,440000000000,BTC,435600000
170,90,450000000000,BTC,445500000
171,84,420000000000,BTC,415800000
172,48,235000000000,BTC,232650000
173,85,420000000000,BTC,415800000
174,86,434500000000,BTC,430155000
175,75,380000000000,BTC,376200000
176,85,420000000000,BTC,415800000
177,82,410000000000,BTC,405900000
178,89,445000000000,BTC,440550000
179,79,395000000000,BTC,391050000
180,84,420000000000,BTC,415800000
181,69,345000000000,BTC,341550000
182,74,370000000000,BTC,366300000
183,86,430000000000,BTC,425700000
184,81,405000000000,BTC,400950000
185,83,415000000000,BTC,410850000
186,77,385000000000,BTC,381150000
187,78,390000000000,BTC,386100000
188,69,345000000000,BTC,341550000
189,45,225000000000,BTC,222750000
190,71,355000000000,BTC,351450000
191,47,235000000000,BTC,232650000
192,4,20000000000,BTC,19800000
193,70,350000000000,BTC,346500000
194,72,954967000000,BTC,945417330
195,82,410000000000,BTC,405900000
196,60,300000000000,BTC,297000000
197,76,380000000000,BTC,376200000
198,73,365000000000,BTC,361350000
199,32,160000000000,BTC,158400000
200,21,105000000000,BTC,103950000
201,74,370000000000,BTC,366300000
202,41,205000000000,BTC,202950000
203,20,105000000000,BTC,103950000
204,17,80000000000,BTC,79200000
205,17,85000000000,BTC,84150000
206,28,140000000000,BTC,138600000
207,23,115000000000,BTC,113850000
208,12,60000000000,BTC,59400000
209,81,405000000000,BTC,400950000
210,87,435000000000,BTC,430650000
211,90,450000000000,BTC,445500000
212,82,954953000000,BTC,945403470
213,80,400000000000,BTC,396000000
214,101,505000000000,BTC,499950000
215,75,375000000000,BTC,371250000
216,70,350000000000,BTC,346500000
217,63,315000000000,BTC,311850000
218,85,425000000000,BTC,420750000
219,63,315000000000,BTC,311850000
220,26,130000000000,BTC,128700000
221,19,95000000000,BTC,94050000
222,17,85000000000,BTC,84150000
223,10,50000000000,BTC,49500000
224,18,90000000000,BTC,89100000
225,22,110000000000,BTC,108900000
226,14,70000000000,BTC,69300000
227,7,35000000000,BTC,34650000
228,15,75000000000,BTC,74250000
229,15,75000000000,BTC,74250000
230,50,250000000000,BTC,247500000
231,53,474806000000,BTC,470057940
232,29,145000000000,BTC,143550000
233,75,375000000000,BTC,371250000
234,78,390000000000,BTC,386100000
235,98,490000000000,BTC,485100000
236,87,460000000000,BTC,455400000
237,78,390000000000,BTC,386100000
238,66,330000000000,BTC,326700000
239,62,375000000000,BTC,371250000
240,64,320000000000,BTC,316800000
241,76,380000000000,BTC,376200000
242,68,340000000000,BTC,336600000
243,79,455000000000,BTC,450450000
244,69,345000000000,BTC,341550000
245,54,270000000000,BTC,267300000
246,67,335000000000,BTC,331650000
247,67,335000000000,BTC,331650000
248,69,345000000000,BTC,341550000
249,75,375000000000,BTC,371250000
250,74,370000000000,BTC,366300000
251,44,220000000000,BTC,217800000
252,73,360100000000,BTC,356499000
253,86,925000000000,BTC,915750000
254,78,390000000000,BTC,386100000
255,74,370000000000,BTC,366300000
256,78,390000000000,BTC,386100000
257,70,385000000000,BTC,381150000
258,26,325000000000,BTC,321750000
259,36,180000000000,BTC,178200000
260,97,485000000000,BTC,480150000
261,93,585000000000,BTC,579150000
262,100,500000000000,BTC,495000000
263,88,515000000000,BTC,509850000
264,85,425000000000,BTC,420750000
265,90,655000000000,BTC,648450000
266,85,425000000000,BTC,420750000
267,82,410000000000,BTC,405900000
268,73,410000000000,BTC,405900000
269,58,290000000000,BTC,287100000
270,53,265000000000,BTC,262350000
271,55,275000000000,BTC,272250000
272,45,305000000000,BTC,301950000
273,60,300000000000,BTC,297000000
274,70,350000000000,BTC,346500000
275,79,395000000000,BTC,391050000
276,77,385000000000,BTC,381150000
277,74,370000000000,BTC,366300000
278,59,795000000000,BTC,787050000
279,57,285000000000,BTC,282150000
280,69,345000000000,BTC,341550000
281,71,355000000000,BTC,351450000
282,61,1270000000000,BTC,1257300000
283,57,285000000000,BTC,282150000
284,75,405000000000,BTC,400950000
285,112,560000000000,BTC,554400000
286,97,979988000000,BTC,970188120
287,81,489976000000,BTC,485076240
288,91,1645000000000,BTC,1628550000
289,89,445000000000,BTC,440550000
290,63,1535000000000,BTC,1519650000
291,76,380000000000,BTC,376200000
292,71,355000000000,BTC,351450000
293,65,1620000000000,BTC,1603800000
294,66,330000000000,BTC,326700000
295,48,435000000000,BTC,430650000
296,60,300000000000,BTC,297000000
297,46,230000000000,BTC,227700000
298,25,125000000000,BTC,123750000
299,33,165000000000,BTC,163350000
300,62,310000000000,BTC,306900000
301,64,1865000000000,BTC,1846350000
302,57,285000000000,BTC,282150000
303,62,310000000000,BTC,306900000
304,69,345000000000,BTC,341550000
305,73,365000000000,BTC,361350000
306,64,320000000000,BTC,316800000
307,78,390000000000,BTC,386100000
308,79,9320000000000,BTC,9226800000
309,66,330000000000,BTC,326700000
310,85,460000000000,BTC,455400000
311,79,395000000000,BTC,391050000
312,96,480000000000,BTC,475200000
313,97,485000000000,BTC,480150000
314,92,460000000000,BTC,455400000
315,79,395000000000,BTC,391050000
316,72,4785000000000,BTC,4737150000
317,86,430000000000,BTC,425700000
318,73,365000000000,BTC,361350000
319,106,530000000000,BTC,524700000
320,96,480000000000,BTC,475200000
321,93,465000000000,BTC,460350000
322,90,450000000000,BTC,445500000
323,84,420000000000,BTC,415800000
324,74,370000000000,BTC,366300000
325,71,355000000000,BTC,351450000
326,60,300000000000,BTC,297000000
327,75,375000000000,BTC,371250000
328,75,1370000000000,BTC,1356300000
329,94,470000000000,BTC,465300000
330,88,440000000000,BTC,435600000
331,36,180000000000,BTC,178200000
332,66,410000000000,BTC,405900000
333,106,529000000000,BTC,523710000
334,112,560000000000,BTC,554400000
335,107,675000000000,BTC,668250000
336,115,715500000000,BTC,708345000
337,104,520000000000,BTC,514800000
338,112,560000000000,BTC,554400000
339,112,1070000000000,BTC,1059300000
340,114,570000000000,BTC,564300000
341,108,3764570000000,BTC,3726924300
342,113,1095900000000,BTC,1084941000
343,137,765000000000,BTC,757350000
344,174,874950000000,BTC,866200500
345,225,1125000000000,BTC,1113750000
346,199,995000000000,BTC,985050000
347,175,875000000000,BTC,866250000
348,176,880000000000,BTC,871200000
349,162,810000000000,BTC,801900000
350,154,770000000000,BTC,762300000
351,154,770000000000,BTC,762300000
352,151,750000000000,BTC,742500000
353,174,870000000000,BTC,861300000
354,168,860000000000,BTC,851400000
355,137,685000000000,BTC,678150000
356,171,855000000000,BTC,846450000
357,141,705000000000,BTC,697950000
358,138,690000000000,BTC,683100000
359,134,670000000000,BTC,663300000
360,126,630000000000,BTC,623700000
361,132,660000000000,BTC,653400000
362, 0, 0, BTC, 0
363, 0, 0, BTC, 0
364, 0, 0, BTC, 0
365, 0, 0, BTC, 0
1,1,5000000000,Dogecoin,2000000
2,14548,216504651670194026,Dogecoin,86601860668078
3,24420,318699224882736361,Dogecoin,127479689953094
4,25149,317946922724364027,Dogecoin,127178769089746
5,68564,511828840800779686,Dogecoin,204731536320312
6,98143,614548673271753017,Dogecoin,245819469308701
7,113486,997528851337725507,Dogecoin,399011540535090
8,170447,1192856670626746845,Dogecoin,477142668250696
9,263715,2794842495988014074,Dogecoin,1.11794E+15
10,195617,7258838942626447068,Dogecoin,2.90354E+15
11,188148,1315064475144927391,Dogecoin,526025790057968
12,195037,1493413973497029826,Dogecoin,597365589398808
13,396627,2841780300429764813,Dogecoin,1.13671E+15
14,519760,4489087664552950675,Dogecoin,1.79564E+15
15,339396,4063318221023716910,Dogecoin,1.62533E+15
16,322769,3870688305603084501,Dogecoin,1.54828E+15
17,310423,4144266505344629872,Dogecoin,1.65771E+15
18,255009,3318003437111602165,Dogecoin,1.3272E+15
19,331748,3672596072562951663,Dogecoin,1.46904E+15
20,1228619,3280065274093241052,Dogecoin,1.31203E+15
21,271378,3238920129342052206,Dogecoin,1.29557E+15
22,232284,3132007407204367071,Dogecoin,1.2528E+15
23,249183,2965150913202098191,Dogecoin,1.18606E+15
24,248277,3193517089344073761,Dogecoin,1.27741E+15
25,223144,3038919231321177090,Dogecoin,1.21557E+15
26,222654,3280688428170357542,Dogecoin,1.31228E+15
27,225198,3089371445993851308,Dogecoin,1.23575E+15
28,224426,3446413344286123226,Dogecoin,1.37857E+15
29,227268,3342114042592963788,Dogecoin,1.33685E+15
30,190778,3221316030800896445,Dogecoin,1.28853E+15
31,188015,2880235179983780522,Dogecoin,1.15209E+15
32,188847,2991018633461221282,Dogecoin,1.19641E+15
33,178490,2823424254780467950,Dogecoin,1.12937E+15
34,188110,3403813534979644908,Dogecoin,1.36153E+15
35,195261,3024989374336874350,Dogecoin,1.21E+15
36,197093,3173207258030183232,Dogecoin,1.26928E+15
37,182826,3382982562172243212,Dogecoin,1.35319E+15
38,189884,3440100081538635475,Dogecoin,1.37604E+15
39,206374,3494362590008791094,Dogecoin,1.39775E+15
40,201536,5779413441172451163,Dogecoin,2.31177E+15
41,181320,4462047944086949351,Dogecoin,1.78482E+15
42,228584,4651392570937696331,Dogecoin,1.86056E+15
43,225484,4528044840403699579,Dogecoin,1.81122E+15
44,251151,5801889979597476789,Dogecoin,2.32076E+15
45,265328,6679033118061728887,Dogecoin,2.67161E+15
46,310858,22686592983609539653,Dogecoin,9.07464E+15
47,313656,10699928687047350979,Dogecoin,4.27997E+15
48,269206,13859974282099243061,Dogecoin,5.54399E+15
49,265537,8958286455664647108,Dogecoin,3.58331E+15
50,233839,14803349498213718125,Dogecoin,5.92134E+15
51,253654,15476981409704470016,Dogecoin,6.19079E+15
52,252417,21838350609715342504,Dogecoin,8.73534E+15
53,230889,33914549067587206774,Dogecoin,1.35658E+16
54,276500,15667262202519329602,Dogecoin,6.2669E+15
55,272193,13725482877114461894,Dogecoin,5.49019E+15
56,267729,11260022307070896409,Dogecoin,4.50401E+15
57,253091,6358553257805985435,Dogecoin,2.54342E+15
58,250349,9066245002590009177,Dogecoin,3.6265E+15
59,236067,14400315845296360096,Dogecoin,5.76013E+15
60,266171,23939893859518364336,Dogecoin,9.57596E+15
61,231362,15159062596146642981,Dogecoin,6.06363E+15
62,240576,16902998458706707377,Dogecoin,6.7612E+15
63,240940,12897632063063840554,Dogecoin,5.15905E+15
64,224475,16703020976256943794,Dogecoin,6.68121E+15
65,224465,14430874972611827953,Dogecoin,5.77235E+15
66,241109,13422598430690086930,Dogecoin,5.36904E+15
67,238330,12148730759833256533,Dogecoin,4.85949E+15
68,238011,17324138157169303416,Dogecoin,6.92966E+15
69,235545,7121294187880791490,Dogecoin,2.84852E+15
70,204866,8109883589784117276,Dogecoin,3.24395E+15
71,185435,5291562031452792791,Dogecoin,2.11662E+15
72,179489,3566312768656431682,Dogecoin,1.42653E+15
73,121912,2577409529472274555,Dogecoin,1.03096E+15
74,93049,2181708879283097377,Dogecoin,872683551713236
75,111340,3450759976657466373,Dogecoin,1.3803E+15
76,98614,3876945225634199241,Dogecoin,1.55078E+15
77,107881,5158608813211090960,Dogecoin,2.06344E+15
78,110591,5374546549384120368,Dogecoin,2.14982E+15
79,131985,6143644963577921433,Dogecoin,2.45746E+15
80,124036,6063128219310381775,Dogecoin,2.42525E+15
81,120247,6891675345081137997,Dogecoin,2.75667E+15
82,114808,4355745969653904467,Dogecoin,1.7423E+15
83,113744,4169505154901537356,Dogecoin,1.6678E+15
84,111863,2441344438917718340,Dogecoin,976537775567084
85,99083,1361551474373870011,Dogecoin,544620589749548
86,105245,1366587754544238184,Dogecoin,546635101817692
87,102748,1306177712666828127,Dogecoin,522471085066728
88,104025,1247042823917802253,Dogecoin,498817129567120
89,104030,1395466452987935337,Dogecoin,558186581195172
90,102249,1106015084648443341,Dogecoin,442406033859376
91,110950,1627888421846948741,Dogecoin,651155368738776
92,99163,1083034953008581374,Dogecoin,433213981203432
93,95168,1090165885951617922,Dogecoin,436066354380644
94,94825,947399448242013662,Dogecoin,378959779296805
95,107667,1598984040403157525,Dogecoin,639593616161260
96,103698,2487799472636236838,Dogecoin,995119789054492
97,101216,1682850973589087633,Dogecoin,673140389435632
98,97286,1575970501187072260,Dogecoin,630388200474828
99,92441,1023557670145369106,Dogecoin,409423068058144
100,94415,1404136952453711822,Dogecoin,561654780981484
101,97725,1052235834540071756,Dogecoin,420894333816028
102,108348,1333350520481344719,Dogecoin,533340208192536
103,111958,1750231263822681402,Dogecoin,700092505529072
104,102876,1808284623900227320,Dogecoin,723313849560088
105,97531,1694007507611167484,Dogecoin,677603003044464
106,98779,1695481625465821388,Dogecoin,678192650186328
107,90725,4347824376913472276,Dogecoin,1.73913E+15
108,102436,5224647045937405266,Dogecoin,2.08986E+15
109,105412,4071926718655638923,Dogecoin,1.62877E+15
110,116029,2903293510622132142,Dogecoin,1.16132E+15
111,103251,2034795438567566647,Dogecoin,813918175427024
112,106899,2327812228892989449,Dogecoin,931124891557192
113,110124,1455902189597351755,Dogecoin,582360875838940
114,101515,1320076328612413358,Dogecoin,528030531444964
115,103225,1260902565430124765,Dogecoin,504361026172048
116,102221,1043104575764409419,Dogecoin,417241830305760
117,110201,2393864368812930169,Dogecoin,957545747525172
118,106677,1778285486093393215,Dogecoin,711314194437356
119,110760,1593513523065940837,Dogecoin,637405409226376
120,101219,971731843931456345,Dogecoin,388692737572582
121,101318,738187335897906411,Dogecoin,295274934359162
122,94304,905626241617045270,Dogecoin,362250496646818
123,84012,1055593325150327033,Dogecoin,422237330060128
124,90494,1389251745266374000,Dogecoin,555700698106548
125,95036,1190230604445416145,Dogecoin,476092241778164
126,92827,910006851868584751,Dogecoin,364002740747434
127,84034,721188639282226324,Dogecoin,288475455712890
128,90102,766840670151531410,Dogecoin,306736268060612
129,101720,862192025552016323,Dogecoin,344876810220806
130,96276,1661800350011268341,Dogecoin,664720140004504
131,101799,1875568532835632554,Dogecoin,750227413134252
132,97474,1993391104734607881,Dogecoin,797356441893840
133,98276,1398587911683581042,Dogecoin,559435164673432
134,106637,1735920890281971136,Dogecoin,694368356112788
135,106025,913740852693091299,Dogecoin,365496341077236
136,110129,656149013593832477,Dogecoin,262459605437533
137,109799,948337472208845846,Dogecoin,379334988883538
138,103258,1342835675669746143,Dogecoin,537134270267896
139,106969,863790586825236118,Dogecoin,345516234730094
140,98933,2466075277101590738,Dogecoin,986430110840636
141,96027,1322235308534937894,Dogecoin,528894123413972
142,83951,824747510145215041,Dogecoin,329899004058086
143,84213,1521658387598330927,Dogecoin,608663355039332
144,78183,895233446850536892,Dogecoin,358093378740214
145,82786,1057363108451602945,Dogecoin,422945243380640
146,79412,845429396674034268,Dogecoin,338171758669614
147,76765,874044520460093275,Dogecoin,349617808184037
148,70535,911290786015702879,Dogecoin,364516314406281
149,81093,966641406321387948,Dogecoin,386656562528555
150,84033,842511392292711996,Dogecoin,337004556917084
151,78904,842727154316214558,Dogecoin,337090861726486
152,83945,851252198329737444,Dogecoin,340500879331895
153,76578,856639157744832449,Dogecoin,342655663097933
154,72542,832851066140525111,Dogecoin,333140426456210
155,78496,1426577262268809848,Dogecoin,570630904907520
156,77240,980709646082224352,Dogecoin,392283858432890
157,74741,956444681756145648,Dogecoin,382577872702458
158,72357,1725137399086004119,Dogecoin,690054959634400
159,69602,2531237586751747062,Dogecoin,1.0125E+15
160,70671,2643739823707059101,Dogecoin,1.0575E+15
161,68802,1581353919946926406,Dogecoin,632541567978768
162,62291,1499482806497303050,Dogecoin,599793122598920
163,66244,691035212407876437,Dogecoin,276414084963150
164,62742,1163436780458235754,Dogecoin,465374712183292
165,63806,1009329270337028957,Dogecoin,403731708134808
166,62131,1180280817754113748,Dogecoin,472112327101644
167,59039,2129787095247831819,Dogecoin,851914838099132
168,59207,4848209657742844780,Dogecoin,1.93928E+15
169,54518,2099159198100596847,Dogecoin,839663679240236
170,55478,2016326094706885168,Dogecoin,806530437882752
171,56904,1420828665328834104,Dogecoin,568331466131532
172,60285,1905426947876014950,Dogecoin,762170779150404
173,55687,1035540130491110676,Dogecoin,414216052196444
174,55062,825442720340246686,Dogecoin,330177088136098
175,53677,2549482139291529440,Dogecoin,1.01979E+15
176,51713,1760750510667081648,Dogecoin,704300204266832
177,53089,1749025536501357566,Dogecoin,699610214600540
178,48487,1183876474952022389,Dogecoin,473550589980808
179,54768,1320245019283665424,Dogecoin,528098007713464
180,66142,1134167429438530548,Dogecoin,453666971775412
181,62347,1192396430083760926,Dogecoin,476958572033504
182,62004,1435061675110255774,Dogecoin,574024670044100
183,54875,1061375489079755289,Dogecoin,424550195631900
184,59957,1196344706907023884,Dogecoin,478537882762808
185,53432,1113680989552305779,Dogecoin,445472395820920
186,58118,1194962000307348764,Dogecoin,477984800122936
187,55009,1397559744455283506,Dogecoin,559023897782112
188,55394,2094504088082176426,Dogecoin,837801635232868
189,55709,1448025977037718223,Dogecoin,579210390815084
190,45200,1093068445218799679,Dogecoin,437227378087516
191,56228,1002111045934799641,Dogecoin,400844418373916
192,55122,1099360145449731521,Dogecoin,439744058179892
193,51188,1553262737487060633,Dogecoin,621305094994824
194,55689,647739423152946358,Dogecoin,259095769261178
195,58338,729047880580262721,Dogecoin,291619152232105
196,53677,473845249882199831,Dogecoin,189538099952880
197,50083,420683471816585593,Dogecoin,168273388726634
198,44159,508661437657857130,Dogecoin,203464575063143
199,58620,2139304986538167975,Dogecoin,855721994615264
200,63601,2029122215528994431,Dogecoin,811648886211596
201,60761,862823518670083084,Dogecoin,345129407468033
202,57280,1488506949409644846,Dogecoin,595402779763856
203,49630,1222890289065101979,Dogecoin,489156115626040
204,52420,832503797387126395,Dogecoin,333001518954850
205,47705,327695220220516435,Dogecoin,131078088088206
206,54321,869050713704561614,Dogecoin,347620285481824
207,48148,800559373414676684,Dogecoin,320223749365870
208,47849,963986909149918622,Dogecoin,385594763659967
209,50065,1191149131011993524,Dogecoin,476459652404796
210,47008,1387958661880150732,Dogecoin,555183464752060
211,43537,666824047926757182,Dogecoin,266729619170703
212,41703,853177447601426297,Dogecoin,341270979040570
213,49356,688354846746624190,Dogecoin,275341938698650
214,44121,836289858381361662,Dogecoin,334515943352544
215,48296,2631596614859352810,Dogecoin,1.05264E+15
216,45840,866495918886943587,Dogecoin,346598367554777
217,43896,500854665673773515,Dogecoin,200341866269509
218,48918,458894692221727504,Dogecoin,183557876888691
219,47813,503913396430484596,Dogecoin,201565358572194
220,47951,786494106541955678,Dogecoin,314597642616782
221,49911,716958903494052547,Dogecoin,286783561397621
222,51643,771081631186434413,Dogecoin,308432652474574
223,47382,585435501706761446,Dogecoin,234174200682704
224,49649,711201061432641554,Dogecoin,284480424573056
225,46628,1225263527727680821,Dogecoin,490105411091072
226,54286,666240690827740460,Dogecoin,266496276331096
227,46943,527444830475656137,Dogecoin,210977932190262
228,46412,906771762414881227,Dogecoin,362708704965952
229,47223,696843159857270768,Dogecoin,278737263942908
230,46083,607574550266177619,Dogecoin,243029820106471
231,47444,337413500741304424,Dogecoin,134965400296522
232,42920,348844900867083053,Dogecoin,139537960346833
233,50886,397187958651650283,Dogecoin,158875183460660
234,45815,1716541153294900815,Dogecoin,686616461317960
235,40477,1415636606951777711,Dogecoin,566254642780708
236,44583,388396212612337636,Dogecoin,155358485044935
237,40977,504211422479609136,Dogecoin,201684568991844
238,51956,426016937322440159,Dogecoin,170406774928976
239,52565,276041972475172062,Dogecoin,110416788990069
240,59436,725929789720647022,Dogecoin,290371915888259
241,49925,914742210129997639,Dogecoin,365896884051999
242,61821,2431641220059965542,Dogecoin,972656488023984
243,50530,1067608987101306494,Dogecoin,427043594840520
244,48366,563091568798669513,Dogecoin,225236627519468
245,53644,383276219723617394,Dogecoin,153310487889447
246,55051,721756160766225967,Dogecoin,288702464306490
247,65660,1571948118765697263,Dogecoin,628779247506276
248,59653,752275340091095876,Dogecoin,300910136036438
249,67446,1929014225132367468,Dogecoin,771605690052944
250,73100,1484258868658283726,Dogecoin,593703547463312
251,78059,1223520295754960980,Dogecoin,489408118301984
252,67914,2340893954218549876,Dogecoin,936357581687416
253,71503,1875783401812410114,Dogecoin,750313360724964
254,75421,2456060786521150597,Dogecoin,982424314608460
255,62602,1772789772531436939,Dogecoin,709115909012572
256,68760,1921313589026793765,Dogecoin,768525435610716
257,68242,858999874184046089,Dogecoin,343599949673618
258,72495,820825359306786308,Dogecoin,328330143722714
259,62299,549881026470565315,Dogecoin,219952410588226
260,65125,383195366461992499,Dogecoin,153278146584797
261,84255,2618073689772200686,Dogecoin,1.04723E+15
262,71686,1887589782257401297,Dogecoin,755035912902960
263,74430,1636575329220337796,Dogecoin,654630131688132
264,77641,783893660058082901,Dogecoin,313557464023233
265,71783,602303301533624362,Dogecoin,240921320613450
266,81623,494824694544707621,Dogecoin,197929877817883
267,79476,392658743314634621,Dogecoin,157063497325854
268,95087,4198648544137234711,Dogecoin,1.67946E+15
269,87761,929462232065200805,Dogecoin,371784892826080
270,77643,962749363846781648,Dogecoin,385099745538712
271,81356,705127332901468858,Dogecoin,282050933160587
272,81986,830053431507666324,Dogecoin,332021372603066
273,81398,835680033901857125,Dogecoin,334272013560743
274,87633,1023285703438075483,Dogecoin,409314281375228
275,110389,4933166840329502978,Dogecoin,1.97327E+15
276,89258,3371129840794238369,Dogecoin,1.34845E+15
277,91718,1370864024318069497,Dogecoin,548345609727224
278,96111,2230736127801562148,Dogecoin,892294451120624
279,96611,1427514251005353183,Dogecoin,571005700402140
280,77893,1791383804330094963,Dogecoin,716553521732036
281,87145,5179826863111023096,Dogecoin,2.07193E+15
282,111736,9714847926441119387,Dogecoin,3.88594E+15
283,116661,14375500814391996560,Dogecoin,5.7502E+15
284,101257,6578351472521433647,Dogecoin,2.63134E+15
285,99080,5630001128182104225,Dogecoin,2.252E+15
286,97531,6812646141105766055,Dogecoin,2.72506E+15
287,95824,3718216909018848125,Dogecoin,1.48729E+15
288,93480,3319868405817937597,Dogecoin,1.32795E+15
289,113918,2504411892951924720,Dogecoin,1.00176E+15
290,99866,1933927155818557815,Dogecoin,773570862327420
291,92451,2708174144593000022,Dogecoin,1.08327E+15
292,103141,4062601991770916980,Dogecoin,1.62504E+15
293,104006,4052854477034784044,Dogecoin,1.62114E+15
294,113314,7195202642544199757,Dogecoin,2.87808E+15
295,104577,3936395865573598530,Dogecoin,1.57456E+15
296,150190,7186560368149469011,Dogecoin,2.87462E+15
297,119216,2408017582996278457,Dogecoin,963207033198508
298,123459,2549762979341220718,Dogecoin,1.01991E+15
299,124605,2001841027197709850,Dogecoin,800736410879080
300,110912,2080340126635848358,Dogecoin,832136050654336
301,97595,1992010223298389649,Dogecoin,796804089319352
302,59738,2101376007646291273,Dogecoin,840550403058516
303,82908,3108386984187832251,Dogecoin,1.24335E+15
304,82260,3564379843346348269,Dogecoin,1.42575E+15
305,73014,2876084071352981846,Dogecoin,1.15043E+15
306,72475,3732042466415146263,Dogecoin,1.49282E+15
307,69434,4592501757721863345,Dogecoin,1.837E+15
308,69510,4746759650395006790,Dogecoin,1.8987E+15
309,68370,4228530353401276959,Dogecoin,1.69141E+15
310,89872,3301093206098223320,Dogecoin,1.32044E+15
311,73993,4743120115658522288,Dogecoin,1.89725E+15
312,67669,6511882813316094906,Dogecoin,2.60475E+15
313,69735,6869543550248726618,Dogecoin,2.74782E+15
314,82027,12582677369040329156,Dogecoin,5.03307E+15
315,99283,14041666623432673447,Dogecoin,5.61667E+15
316,73076,10586982532937507571,Dogecoin,4.23479E+15
317,78042,8565758455361504337,Dogecoin,3.4263E+15
318,74660,9349318566291927557,Dogecoin,3.73973E+15
319,81975,12991136823533812615,Dogecoin,5.19645E+15
320,87641,11999786128534635700,Dogecoin,4.79991E+15
321,79649,8900523562678956125,Dogecoin,3.56021E+15
322,70131,7195996547808266882,Dogecoin,2.8784E+15
323,72493,7737416567992897447,Dogecoin,3.09497E+15
324,146211,9689046821038146716,Dogecoin,3.87562E+15
325,101184,10785407955725213320,Dogecoin,4.31416E+15
326,70042,11700787267338116307,Dogecoin,4.68031E+15
327,65023,9139654670193399268,Dogecoin,3.65586E+15
328,64379,5047201800424238255,Dogecoin,2.01888E+15
329,62046,5591226326592537572,Dogecoin,2.23649E+15
330,56969,5056064301758958182,Dogecoin,2.02243E+15
331,71080,7204278862244491253,Dogecoin,2.88171E+15
332,87852,6560807015788216378,Dogecoin,2.62432E+15
333,92544,10151055150548091519,Dogecoin,4.06042E+15
334,88285,11192493220113486638,Dogecoin,4.477E+15
335,81423,13712411891334689471,Dogecoin,5.48496E+15
336,81983,12485075950994809516,Dogecoin,4.99403E+15
337,80039,17823165016503529863,Dogecoin,7.12927E+15
338,85942,17634542334191704430,Dogecoin,7.05382E+15
339,86231,18290098327079351599,Dogecoin,7.31604E+15
340,83871,14932376837832152697,Dogecoin,5.97295E+15
341,101379,17820048212697588011,Dogecoin,7.12802E+15
342,86823,24752589198293091245,Dogecoin,9.90104E+15
343,93787,19489145997689311621,Dogecoin,7.79566E+15
344,102348,8748460768396784589,Dogecoin,3.49938E+15
345,102957,6303524703641736869,Dogecoin,2.52141E+15
346,81933,5269089049304170126,Dogecoin,2.10764E+15
347,72805,4867052780401922972,Dogecoin,1.94682E+15
348,74399,4381195984548381185,Dogecoin,1.75248E+15
349,78695,4302543352632099717,Dogecoin,1.72102E+15
350,75008,3552703530604622426,Dogecoin,1.42108E+15
351,76794,3980957314287649832,Dogecoin,1.59238E+15
352,111257,4369192152569684954,Dogecoin,1.74768E+15
353,79529,4553470602282722909,Dogecoin,1.82139E+15
354,77636,5895754620147858982,Dogecoin,2.3583E+15
355,76811,7941527470017967465,Dogecoin,3.17661E+15
356,81546,5311886747260185969,Dogecoin,2.12475E+15
357,77363,4824742636915619623,Dogecoin,1.9299E+15
358,102533,5613062734437556609,Dogecoin,2.24523E+15
359,89963,5111083370592255154,Dogecoin,2.04443E+15
360,79105,6739672439413743762,Dogecoin,2.69587E+15
361,80618,6878746658111216799,Dogecoin,2.7515E+15
362,87185,6289408338261370859,Dogecoin,2.51576E+15
363,81272,6237543034525724509,Dogecoin,2.49502E+15
364,77966,5516180514138015634,Dogecoin,2.20647E+15
365,28815,2365449958129187267,Dogecoin,946179983251672
366, 0, 0, Dogecoin, 0
1,2050,2008722660431966665378920,ETH,1.00436E+24
2,2881,13583219939374862333870740,ETH,6.79161E+24
3,1329,1165455274595546087420610,ETH,5.82728E+23
4,2037,1670910898560507908995876,ETH,8.35455E+23
5,4963,1485731533602607995621521,ETH,7.42866E+23
6,2036,747487699022974433660144,ETH,3.73744E+23
7,2842,1787853854003639822320063,ETH,8.93927E+23
8,3174,2295449080101749862780613,ETH,1.14772E+24
9,2284,4631281550952037362294876,ETH,2.31564E+24
10,2440,1708588895731932944551032,ETH,8.54294E+23
11,2512,2244762514769528656746202,ETH,1.12238E+24
12,2494,1548718915021239428107300,ETH,7.74359E+23
13,3246,1149584692299014273014354,ETH,5.74792E+23
14,2303,417344956109667882046363,ETH,2.08672E+23
15,3919,586849296287859673575284,ETH,2.93425E+23
16,3579,494568255099497897579264,ETH,2.47284E+23
17,4190,497834968767709045370507,ETH,2.48917E+23
18,4432,462290663275758609225796,ETH,2.31145E+23
19,4487,406455260412514009657914,ETH,2.03228E+23
20,4156,439388496462969108139307,ETH,2.19694E+23
21,5590,272775179912736420791964,ETH,1.36388E+23
22,4758,300452128644657103367629,ETH,1.50226E+23
23,4139,430445055780882380272571,ETH,2.15223E+23
24,4572,415917099489804936177811,ETH,2.07959E+23
25,5196,384849223365448810213478,ETH,1.92425E+23
26,5153,1419828973981142772163808,ETH,7.09914E+23
27,5195,277556008711019637277867,ETH,1.38778E+23
28,4777,556785655758650864303895,ETH,2.78393E+23
29,5642,176548645582386437192192,ETH,8.82743E+22
30,5519,167475883020682228122670,ETH,8.37379E+22
31,5521,296234505918829240572808,ETH,1.48117E+23
32,5702,202522395873370702592252,ETH,1.01261E+23
33,5622,263687403707186833110844,ETH,1.31844E+23
34,5604,1145838042484604539851817,ETH,5.72919E+23
35,5341,206003570851401765821233,ETH,1.03002E+23
36,6460,726440909953091132873156,ETH,3.6322E+23
37,5596,217734240845803640333324,ETH,1.08867E+23
38,6057,224186029759654568433290,ETH,1.12093E+23
39,5572,267426363235472173533718,ETH,1.33713E+23
40,5409,603437362543655867644296,ETH,3.01719E+23
41,5872,555273844013404290094011,ETH,2.77637E+23
42,5368,295735656262092749310836,ETH,1.47868E+23
43,5802,407806415377739653732140,ETH,2.03903E+23
44,5205,390741950061539475229472,ETH,1.95371E+23
45,6402,131571483323998475697521,ETH,6.57857E+22
46,6305,157710517787624809338809,ETH,7.88553E+22
47,6804,194639094386529441878190,ETH,9.73195E+22
48,7404,131108217443618094461033,ETH,6.55541E+22
49,6224,306723198621979760138809,ETH,1.53362E+23
50,5851,662114945251787803302849,ETH,3.31057E+23
51,5907,251343501819127868921600,ETH,1.25672E+23
52,5760,382903568119427699211944,ETH,1.91452E+23
53,6123,713758821530772381859716,ETH,3.56879E+23
54,5738,404216747342163018433736,ETH,2.02108E+23
55,5870,509759659572364859108591,ETH,2.5488E+23
56,6421,538525929235001872183280,ETH,2.69263E+23
57,6063,148845522559232235075218,ETH,7.44228E+22
58,6112,122973554002219111378773,ETH,6.14868E+22
59,6624,277539340823682271321909,ETH,1.3877E+23
60,6279,163919720621447472710829,ETH,8.19599E+22
61,6458,506641163525430417456321,ETH,2.53321E+23
62,7121,310195809018142075611787,ETH,1.55098E+23
63,6926,313426608440726596088506,ETH,1.56713E+23
64,6763,224250051217242647839531,ETH,1.12125E+23
65,6529,128489080823953888926181,ETH,6.42445E+22
66,6023,152908978504287612790164,ETH,7.64545E+22
67,6593,270873934099278090934799,ETH,1.35437E+23
68,6818,411204332056851766353185,ETH,2.05602E+23
69,6830,992511846019630205684038,ETH,4.96256E+23
70,6499,799840402143341818732464,ETH,3.9992E+23
71,6795,360121582982799517234743,ETH,1.80061E+23
72,6567,243852970100940087590552,ETH,1.21926E+23
73,6481,182117166945710234522252,ETH,9.10586E+22
74,6604,514721461705206978166595,ETH,2.57361E+23
75,5897,501598458918140055401806,ETH,2.50799E+23
76,6182,697034203117221681498895,ETH,3.48517E+23
77,5979,619255616185132928625983,ETH,3.09628E+23
78,6888,772942279004918164524922,ETH,3.86471E+23
79,6361,99865110626746514696535,ETH,4.99326E+22
80,5830,261820482474201507474197,ETH,1.3091E+23
81,5938,715472815395532193461944,ETH,3.57736E+23
82,6784,1893398604700381227545197,ETH,9.46699E+23
83,7346,980149137649571054019702,ETH,4.90075E+23
84,7836,517761295161230700407779,ETH,2.58881E+23
85,7941,1209372484197736942753035,ETH,6.04686E+23
86,7557,276417886192680203896524,ETH,1.38209E+23
87,6915,145524373663244230169832,ETH,7.27622E+22
88,6558,351890325235812201835489,ETH,1.75945E+23
89,7399,595172016575305767234654,ETH,2.97586E+23
90,7037,805279280973940834377492,ETH,4.0264E+23
91,7498,344177238157619691847762,ETH,1.72089E+23
92,7882,938177712527115171911393,ETH,4.69089E+23
93,10996,425968419111739706755849,ETH,2.12984E+23
94,12413,896689215294887094677689,ETH,4.48345E+23
95,7689,946972718675269751687144,ETH,4.73486E+23
96,8151,891132500979901583060532,ETH,4.45566E+23
97,10217,301403980114450845809210,ETH,1.50702E+23
98,9534,280944679735407210804677,ETH,1.40472E+23
99,7891,466140020537511789456462,ETH,2.3307E+23
100,7211,283617913655120246599796,ETH,1.41809E+23
101,7170,175558453997261488272750,ETH,8.77792E+22
102,7442,435998242288975863477539,ETH,2.17999E+23
103,7145,1157255450405654689399623,ETH,5.78628E+23
104,7373,199011474775912480902040,ETH,9.95057E+22
105,8876,274435575972596798654889,ETH,1.37218E+23
106,6348,194574871310496904587200,ETH,9.72874E+22
107,6822,134094469887511318486368,ETH,6.70472E+22
108,7083,256032711626260704749839,ETH,1.28016E+23
109,8260,684591954121512181495846,ETH,3.42296E+23
110,7152,393639383376514890925975,ETH,1.9682E+23
111,7098,188350230413912988951764,ETH,9.41751E+22
112,7278,970682711394449007647985,ETH,4.85341E+23
113,6639,679065032408978558699528,ETH,3.39533E+23
114,6817,120693887101131300330472,ETH,6.03469E+22
115,6853,190336976667643055251800,ETH,9.51685E+22
116,8986,235620560090736690569748,ETH,1.1781E+23
117,6794,223148369214905106719459,ETH,1.11574E+23
118,6502,294731526395479085140943,ETH,1.47366E+23
119,6971,221298844687677552053977,ETH,1.10649E+23
120,6898,167927635393457010006818,ETH,8.39638E+22
121,6784,143950698610471589853244,ETH,7.19753E+22
122,9103,239353028590542348457944,ETH,1.19677E+23
123,7141,451685831838128435499493,ETH,2.25843E+23
124,6697,177353659181419543118383,ETH,8.86768E+22
125,7001,245116583052414514345841,ETH,1.22558E+23
126,7444,216831841710406046018092,ETH,1.08416E+23
127,8105,319169596498595272780979,ETH,1.59585E+23
128,8205,485803623084611322166561,ETH,2.42902E+23
129,7426,323458149910188020973769,ETH,1.61729E+23
130,15550,308723049453243971420553,ETH,1.54362E+23
131,21098,535185628197707849981174,ETH,2.67593E+23
132,10304,1458678443329426024250147,ETH,7.29339E+23
133,9612,439455245376792838275088,ETH,2.19728E+23
134,9032,237310040379361807463930,ETH,1.18655E+23
135,9314,227874551350077321145287,ETH,1.13937E+23
136,9879,205498902686764097191555,ETH,1.02749E+23
137,12063,234202746666478418361711,ETH,1.17101E+23
138,21027,237641766144545490526475,ETH,1.18821E+23
139,22740,143437380017948042295023,ETH,7.17187E+22
140,13494,125581490200759025271442,ETH,6.27907E+22
141,9521,68608897945122941130654,ETH,3.43044E+22
142,10726,145241329816556746065632,ETH,7.26207E+22
143,21867,79395383930758443368752,ETH,3.96977E+22
144,12368,441952580335332896812017,ETH,2.20976E+23
145,11358,286252440207240936385132,ETH,1.43126E+23
146,21767,215187372298401117355049,ETH,1.07594E+23
147,10301,389547036171491195017461,ETH,1.94774E+23
148,8233,344547756629631086393866,ETH,1.72274E+23
149,9164,259240009990057253942723,ETH,1.2962E+23
150,9258,370819993497967172464386,ETH,1.8541E+23
151,9474,154125471932754158354252,ETH,7.70627E+22
152,16430,1036291184907828312790041,ETH,5.18146E+23
153,17074,261874535272863395124121,ETH,1.30937E+23
154,22075,350229829059072520889684,ETH,1.75115E+23
155,10919,196294990596427334207328,ETH,9.81475E+22
156,11793,210794172180160188929756,ETH,1.05397E+23
157,10320,140901897458438895304990,ETH,7.04509E+22
158,10893,504557618773648163207847,ETH,2.52279E+23
159,10862,990457454165314274469199,ETH,4.95229E+23
160,17665,423225742643983581184022,ETH,2.11613E+23
161,10653,332500041144957213384231,ETH,1.6625E+23
162,9875,945389311059093877532581,ETH,4.72695E+23
163,10664,571218030761367497538179,ETH,2.85609E+23
164,9747,370959268528445064947823,ETH,1.8548E+23
165,12916,2265938496870151454526729,ETH,1.13297E+24
166,13420,1240725609494131300922169,ETH,6.20363E+23
167,10610,600217315802932402573176,ETH,3.00109E+23
168,10734,495019137816950295922656,ETH,2.4751E+23
169,13848,919024766130983558659716,ETH,4.59512E+23
170,11025,1143853725089498127329508,ETH,5.71927E+23
171,12798,1920659633556400263069159,ETH,9.6033E+23
172,17121,2139486187320061167246857,ETH,1.06974E+24
173,16511,1445114611804135809184457,ETH,7.22557E+23
174,18747,1216512140642416416420598,ETH,6.08256E+23
175,16765,921921182325329356793139,ETH,4.60961E+23
176,16395,863482369408484689458728,ETH,4.31741E+23
177,14661,990010500605266045596636,ETH,4.95005E+23
178,14166,1095129400827789921984796,ETH,5.47565E+23
179,14199,599953395494303952583929,ETH,2.99977E+23
180,14291,619268055697461954263462,ETH,3.09634E+23
181,14274,620367681208657668333370,ETH,3.10184E+23
182,14371,329929934715512848235463,ETH,1.64965E+23
183,15249,576484873219160653131787,ETH,2.88242E+23
184,31418,234029787678084369477889,ETH,1.17015E+23
185,14264,895588672171386454654018,ETH,4.47794E+23
186,14719,1473331955302400347878715,ETH,7.36666E+23
187,15517,1566591205855015859136810,ETH,7.83296E+23
188,17141,1936737378614397681684908,ETH,9.68369E+23
189,21440,1796888533825044162016390,ETH,8.98444E+23
190,18109,2102560747457259949429487,ETH,1.05128E+24
191,19327,1292122426790179033235024,ETH,6.46061E+23
192,16624,919518655657780809856610,ETH,4.59759E+23
193,17159,732564138884546879502753,ETH,3.66282E+23
194,17549,1299832600798112103829624,ETH,6.49916E+23
195,19990,754017344662763459548921,ETH,3.77009E+23
196,16969,1126924787467581532767242,ETH,5.63462E+23
197,18412,494083573906762910173829,ETH,2.47042E+23
198,16714,1192032126072238890745069,ETH,5.96016E+23
199,17119,477033897850586257431783,ETH,2.38517E+23
200,18190,804469011454777220447808,ETH,4.02235E+23
201,18482,1550284322792961528187196,ETH,7.75142E+23
202,19540,2094714230788407491073055,ETH,1.04736E+24
203,19503,922740109502580089870983,ETH,4.6137E+23
204,21068,4011750695928111758560064,ETH,2.00588E+24
205,18981,2172699711343351267727205,ETH,1.08635E+24
206,19063,779346217052189963045036,ETH,3.89673E+23
207,20358,711512387309588887425364,ETH,3.55756E+23
208,21778,1303682886951382599969087,ETH,6.51841E+23
209,23562,3598821297713811605044258,ETH,1.79941E+24
210,24837,2098541183225107626920494,ETH,1.04927E+24
211,24287,1511185490213366059112391,ETH,7.55593E+23
212,27115,2863789964340411667217834,ETH,1.43189E+24
213,27661,1613121680406174247418089,ETH,8.06561E+23
214,23271,1478976103780286033947341,ETH,7.39488E+23
215,24105,2147056445114732765234253,ETH,1.07353E+24
216,24557,1124806284095760399055234,ETH,5.62403E+23
217,24814,857326400955099622140380,ETH,4.28663E+23
218,23124,940527089922898938581857,ETH,4.70264E+23
219,27887,1527253560061510038300069,ETH,7.63627E+23
220,28127,1982750302418772108059237,ETH,9.91375E+23
221,28528,1632667462393380133497389,ETH,8.16334E+23
222,29273,1295920740865038330386162,ETH,6.4796E+23
223,27596,1114815341716595761060586,ETH,5.57408E+23
224,33531,1744044252190094004689970,ETH,8.72022E+23
225,31821,2355802069984179348377437,ETH,1.1779E+24
226,34779,792160437159527056077599,ETH,3.9608E+23
227,32447,555717150384227811039424,ETH,2.77859E+23
228,32511,891507132550876596815215,ETH,4.45754E+23
229,32890,685522433951732169496002,ETH,3.42761E+23
230,31786,573278586085948639216162,ETH,2.86639E+23
231,36947,954218011338107291432575,ETH,4.77109E+23
232,36762,554298107241153771226786,ETH,2.77149E+23
233,36646,333485109544007696707900,ETH,1.66743E+23
234,29974,1173358468344182833890786,ETH,5.86679E+23
235,33613,793344973082063222555244,ETH,3.96672E+23
236,33915,1292988310229857149435499,ETH,6.46494E+23
237,36767,1365956268291838175903247,ETH,6.82978E+23
238,32259,898131281524605856743943,ETH,4.49066E+23
239,33320,382658469232483076012883,ETH,1.91329E+23
240,29358,376118754793866083313438,ETH,1.88059E+23
241,29588,218410578097530317461533,ETH,1.09205E+23
242,34907,439288386323181593566981,ETH,2.19644E+23
243,39173,689157401817537554559529,ETH,3.44579E+23
244,32078,588899413182452522117682,ETH,2.9445E+23
245,31893,724080540985809682177937,ETH,3.6204E+23
246,34010,549948041901152039070192,ETH,2.74974E+23
247,31923,1307076020321380200483092,ETH,6.53538E+23
248,32237,1180640220736064315527129,ETH,5.9032E+23
249,30327,623593146554870504068809,ETH,3.11797E+23
250,34673,1090443093518300993082092,ETH,5.45222E+23
251,36051,1138001278885146057480813,ETH,5.69001E+23
252,34781,943925288914159634771310,ETH,4.71963E+23
253,34959,591871941889385770110166,ETH,2.95936E+23
254,30483,433480193597516126042051,ETH,2.1674E+23
255,40203,824811649719973913954225,ETH,4.12406E+23
256,33513,638575522034882054873936,ETH,3.19288E+23
257,32622,408617408085524798271386,ETH,2.04309E+23
258,32944,674715776033766318571444,ETH,3.37358E+23
259,37181,473341500390657752066464,ETH,2.36671E+23
260,31678,754279196592759656236469,ETH,3.7714E+23
261,31845,1014163619450353729066984,ETH,5.07082E+23
262,34046,375281726608821772673605,ETH,1.87641E+23
263,35430,712837606684007168243503,ETH,3.56419E+23
264,32582,1163553415979475691780551,ETH,5.81777E+23
265,33847,781767434965847357136496,ETH,3.90884E+23
266,34343,778516186490966993616310,ETH,3.89258E+23
267,37332,608142869959822701846713,ETH,3.04071E+23
268,45769,2708036281065202945142375,ETH,1.35402E+24
269,39578,1765351050987621372484409,ETH,8.82676E+23
270,41748,1918795907883008587970635,ETH,9.59398E+23
271,37821,1410363233617681188148405,ETH,7.05182E+23
272,37484,1099827702206784417628930,ETH,5.49914E+23
273,38707,1104747911942784161586394,ETH,5.52374E+23
274,41271,2047648599601776215922439,ETH,1.02382E+24
275,35864,1521157816273547093477112,ETH,7.60579E+23
276,40063,1423875370371594085786247,ETH,7.11938E+23
277,38560,2029472407365955761636673,ETH,1.01474E+24
278,40684,2068142432998278556347567,ETH,1.03407E+24
279,40811,3053543582931884520772108,ETH,1.52677E+24
280,45002,3266440814112020249557186,ETH,1.63322E+24
281,47739,8129691546387832844797686,ETH,4.06485E+24
282,45745,5915021886388865033252762,ETH,2.95751E+24
283,43073,1496096079142000495865358,ETH,7.48048E+23
284,37424,1492298613641905219060724,ETH,7.46149E+23
285,40309,1323418864702667762489202,ETH,6.61709E+23
286,46033,1820390727658970419852624,ETH,9.10195E+23
287,44523,2661787243426572761694016,ETH,1.33089E+24
288,45177,2262816283780680436916690,ETH,1.13141E+24
289,43621,997790692139180764195554,ETH,4.98895E+23
290,38895,672278621405019968321592,ETH,3.36139E+23
291,43806,1252185823338632113981527,ETH,6.26093E+23
292,42911,1762896971935374630673389,ETH,8.81448E+23
293,46443,1716758609618853592813360,ETH,8.58379E+23
294,51147,1282277684774396002798935,ETH,6.41139E+23
295,49006,2615143025828327437466553,ETH,1.30757E+24
296,70148,2212896227490739646961379,ETH,1.10645E+24
297,45890,1005321066605364866841709,ETH,5.02661E+23
298,42927,1012553310638895061934685,ETH,5.06277E+23
299,44386,1021195411918452671712122,ETH,5.10598E+23
300,42221,787935514275137152642800,ETH,3.93968E+23
301,39666,499552628358381798001722,ETH,2.49776E+23
302,39834,626480462105410824713493,ETH,3.1324E+23
303,37875,465208807508589461110820,ETH,2.32604E+23
304,37896,455059124384849427421561,ETH,2.2753E+23
305,38957,480224005411330915828441,ETH,2.40112E+23
306,46141,1001265111437492341942554,ETH,5.00633E+23
307,40433,2152104523402519522740789,ETH,1.07605E+24
308,39854,462236827360071947913470,ETH,2.31118E+23
309,40145,895193242067978514047785,ETH,4.47597E+23
310,36901,527070626857769468972460,ETH,2.63535E+23
311,42581,1100016704494571924412772,ETH,5.50008E+23
312,46185,1181080007350359338668272,ETH,5.9054E+23
313,50335,1414674437543786274185989,ETH,7.07337E+23
314,43251,918147131220629052199516,ETH,4.59074E+23
315,43392,1482193142981387907590402,ETH,7.41097E+23
316,66558,4206872816763733034968342,ETH,2.10344E+24
317,63083,5143917883306596874376596,ETH,2.57196E+24
318,51035,1814669224236757544347192,ETH,9.07335E+23
319,47118,2615166258152656898039063,ETH,1.30758E+24
320,47323,1787237466468557144149334,ETH,8.93619E+23
321,48615,2063359701840376790096936,ETH,1.03168E+24
322,41908,1776914535760150271228222,ETH,8.88457E+23
323,45331,1123372467511591027973558,ETH,5.61686E+23
324,36684,1257452218521786184771201,ETH,6.28726E+23
325,41613,622684024849564559241555,ETH,3.11342E+23
326,39663,652682295225786302438445,ETH,3.26341E+23
327,43089,1559259975359503736788279,ETH,7.7963E+23
328,49897,1267924106820166219838872,ETH,6.33962E+23
329,63952,868829930340772911850105,ETH,4.34415E+23
330,40085,859851224395843074422075,ETH,4.29926E+23
331,39257,462883162266581743312383,ETH,2.31442E+23
332,39757,514047379970822356524629,ETH,2.57024E+23
333,39950,1170339908396974806142394,ETH,5.8517E+23
334,39270,3599995986842488413565643,ETH,1.8E+24
335,37900,1061768170807735862469344,ETH,5.30884E+23
336,40433,985951110250435665195573,ETH,4.92976E+23
337,42506,690053546296896670278613,ETH,3.45027E+23
338,40410,592166181299030993227921,ETH,2.96083E+23
339,39358,664294379244166954847343,ETH,3.32147E+23
340,38582,806503720822731708624091,ETH,4.03252E+23
341,40811,865991674455184215772673,ETH,4.32996E+23
342,35740,942434159865488911274658,ETH,4.71217E+23
343,42809,929952789833584248189927,ETH,4.64976E+23
344,41110,3906606341073746890429381,ETH,1.9533E+24
345,38062,781954240773747435017115,ETH,3.90977E+23
346,33914,764327860259674911953127,ETH,3.82164E+23
347,39198,2860574694821086773473691,ETH,1.43029E+24
348,44184,9752265753400077182172233,ETH,4.87613E+24
349,50631,14048781522859819805712174,ETH,7.02439E+24
350,44882,1759381045198001061681319,ETH,8.79691E+23
351,48458,3039706509981450277029985,ETH,1.51985E+24
352,45006,2630014602210426074862440,ETH,1.31501E+24
353,58215,12819164313000172648491138,ETH,6.40958E+24
354,54856,9812906815101208786438840,ETH,4.90645E+24
355,61930,20796513816904493727797447,ETH,1.03983E+25
356,53035,12472133651370288409512712,ETH,6.23607E+24
357,48555,7641593057245546430506644,ETH,3.8208E+24
358,47243,5340728186972387023460056,ETH,2.67036E+24
359,42011,3765261342669190900296619,ETH,1.88263E+24
360,48749,3624010514153333748270080,ETH,1.81201E+24
361,45978,5443307268995184282142113,ETH,2.72165E+24
362,49041,10161622761130002965337600,ETH,5.08081E+24
363,49475,8758068282896471427084416,ETH,4.37903E+24
364,46761,3683826285779938809795426,ETH,1.84191E+24
365,43212,4194932343117262884378985,ETH,2.09747E+24
366,5835,309800805243565857057826,ETH,1.549E+23